{"cameraMode":{"drawMode":0,"name":"Shaded","section":"Shading Mode"},"sceneLighting":false,"audioPlay":false,"sceneViewState":{"m_AlwaysRefresh":false,"showFog":true,"showSkybox":false,"showFlares":true,"showImageEffects":true,"showParticleSystems":true,"showVisualEffectGraphs":true,"m_FxEnabled":false},"in2DMode":false,"pivot":{"x":-0.12318480014801026,"y":0.003765106201171875,"z":-0.0008292198181152344},"rotation":{"x":0.11711662262678147,"y":-0.6235157251358032,"z":0.09518960118293762,"w":0.7671142816543579},"size":5.251457214355469,"orthographic":false}